{"items":[{"id":1969773900001,"name":"Water-Liquid-Flow","shortDescription":"Water-Liquid-Flow"},{"id":1969773902001,"name":"Space-Planets","shortDescription":"Space-Planets"},{"id":1969867339001,"name":"Sea-Crab","shortDescription":"Sea-Crab"},{"id":1969867340001,"name":"Sea_SeaHorse","shortDescription":"Sea_SeaHorse"},{"id":1969773904001,"name":"Sea_LionFish","shortDescription":"Sea_LionFish"},{"id":1969844735001,"name":"Bugs-Butterfly","shortDescription":"Bugs-Butterfly"},{"id":1969844734001,"name":"Sea_Anemone","shortDescription":"Sea_Anemone"},{"id":1969867341001,"name":"Sea_ClownFish","shortDescription":"Sea_ClownFish"},{"id":1969773905001,"name":"Bugs-Bee","shortDescription":"Bugs-Bee"},{"id":1969844731001,"name":"Space-Galaxy","shortDescription":"Space-Galaxy"},{"id":1969844732001,"name":"Sea-SeaTurtle","shortDescription":"Sea-SeaTurtle"},{"id":1969844733001,"name":"Sea-Dolphins","shortDescription":"Sea-Dolphins"},{"id":1973347090001,"name":"Adding Captions","shortDescription":"Shows you how to add captions to videos"},{"id":1942101886001,"name":"little fishy","shortDescription":"A very pretty fish"},{"id":1939525633001,"name":"Sea-Dolphins","shortDescription":"Sea-Dolphins"},{"id":1939487606001,"name":"Water-Liquid-Flow","shortDescription":"Water-Liquid-Flow"},{"id":1984292369001,"name":"Titmouse","shortDescription":"Little bird"},{"id":1939487633001,"name":"Bugs-Butterfly","shortDescription":"Bugs-Butterfly"},{"id":1939643254001,"name":"Wildlife_Orangutan","shortDescription":"An imposing but gentle creature"},{"id":1939484070001,"name":"Water-Splashing","shortDescription":"Water-Splashing"},{"id":1939484085001,"name":"Space-Planets","shortDescription":"The Earth is the only world known so far to harbor life. There is nowhere else, at least in the near future, to which our species could migrate. Visit, yes. Settle, not yet. Like it or not, for the moment the Earth is where we make our stand."},{"id":1939643261001,"name":"Wildlife_Deer","shortDescription":"Wildlife_Deer"},{"id":1939643271001,"name":"Jellyfish","shortDescription":"Jellyfish"},{"id":1939641133001,"name":"Wildlife_Elephant","shortDescription":"Wildlife_Elephant"},{"id":1939641138001,"name":"Wildlife_Tiger","shortDescription":"Wildlife_Tiger"},{"id":1939661805001,"name":"Wildlife_Zebra","shortDescription":"Wildlife_Zebra"},{"id":1939661820001,"name":"Sea_SplashingWater","shortDescription":"Sea_SplashingWater"},{"id":1939481765001,"name":"Water-Droplet","shortDescription":"Water-Droplet"},{"id":1939481766001,"name":"Water-Bubbles","shortDescription":"Water-Bubbles"},{"id":1939484102001,"name":"Sea-Crab","shortDescription":"Sea-Crab"},{"id":2031870755001,"name":"dfasd","shortDescription":"dfas"},{"id":1969766028001,"name":"Adding Captions to Videos","shortDescription":"Adding Captions to Videos"},{"id":1939484107001,"name":"Sea_Anemone","shortDescription":"Sea_Anemone"},{"id":2016929973001,"name":"captions","shortDescription":"captions"},{"id":1969844728001,"name":"Water-Splashing","shortDescription":"Water-Splashing"},{"id":1939643268001,"name":"Wildlife_TamarinMonkey","shortDescription":"Wildlife_TamarinMonkey"},{"id":1939643270001,"name":"Sea_Turtle_Solo","shortDescription":"Sea_Turtle_Solo"},{"id":1942098078001,"name":"Little birdie","shortDescription":"Cure little bird"},{"id":1964402213001,"name":"BettyBoop","shortDescription":"BettyBoop"},{"id":1971564128001,"name":"Adding Captions to Videos","shortDescription":"This video tutorial shows you how to add captions for a video in Video Cloud Studio"},{"id":1964394737001,"name":"Bugs-Butterfly","shortDescription":"Bugs-Butterfly"},{"id":1964411966001,"name":"Space-Galaxy","shortDescription":"Space-Galaxy"},{"id":1964411970001,"name":"Bugs-Bee","shortDescription":"Bugs-Bee"},{"id":1964441416001,"name":"Wildlife_TamarinMonkey","shortDescription":"Wildlife_TamarinMonkey"},{"id":2118084579001,"name":"This is the video name","shortDescription":"15325325"},{"id":1964402200001,"name":"Sea-Dolphins","shortDescription":"Sea-Dolphins"},{"id":1964402201001,"name":"Sea-Crab","shortDescription":"Sea-Crab"},{"id":1964402202001,"name":"Sea_SeaHorse","shortDescription":"Sea_SeaHorse"},{"id":1964402203001,"name":"Sea_LionFish","shortDescription":"Sea_LionFish"},{"id":1964411957001,"name":"Water-Splashing","shortDescription":"Water-Splashing"},{"id":1964411958001,"name":"Water-Liquid-Flow","shortDescription":"Water-Liquid-Flow2"},{"id":1964411968001,"name":"Sea_ClownFish","shortDescription":"Sea_ClownFish"},{"id":1964411992001,"name":"Jellyfish","shortDescription":"Jellyfish"},{"id":1964440709001,"name":"Sea-SeaTurtle","shortDescription":"Sea-SeaTurtle"},{"id":1964440710001,"name":"Sea-Crab","shortDescription":"Sea-Crab"},{"id":1964441418001,"name":"Sea_SplashingWater","shortDescription":"Sea_SplashingWater"},{"id":1969766029001,"name":"Sea-Crab","shortDescription":"Sea-Crab"},{"id":1969844726001,"name":"Sea-SeaTurtle","shortDescription":"Sea-SeaTurtle"},{"id":1969844729001,"name":"Water-Bubbles","shortDescription":"Water-Bubbles"},{"id":1964394725001,"name":"Water-Droplet","shortDescription":"Water-Droplet"},{"id":1939487640001,"name":"Bird_Titmouse","shortDescription":"My favorite bird"},{"id":1939487643001,"name":"Bird_Seagulls","shortDescription":"Bird_Seagulls"},{"id":1939487645001,"name":"Bird_Robin","shortDescription":"Bird_Robin"},{"id":1939525654001,"name":"Bird_Peacock","shortDescription":"Bird_Peacock"},{"id":1939525656001,"name":"Bird_Magpie","shortDescription":"Bird_Magpie"},{"id":1939533603001,"name":"Bird_Woodpecker","shortDescription":"Bird_Woodpecker"},{"id":1939533616001,"name":"Bird_CommonRedpoll","shortDescription":"Bird_CommonRedpoll"},{"id":1939641135001,"name":"Bird_Peacock","shortDescription":"Bird_Peacock"},{"id":1964394740001,"name":"Bird_Robin","shortDescription":"Bird_Robin"},{"id":1964394741001,"name":"Bird_CommonRedpoll","shortDescription":"Bird_CommonRedpoll"},{"id":1964402207001,"name":"Bird_Seagulls","shortDescription":"Bird_Seagulls"},{"id":1964402210001,"name":"Bird_Peacock","shortDescription":"Bird_Peacock"},{"id":1964402221001,"name":"Bird_Robin","shortDescription":"Bird_Robin"},{"id":1964402223001,"name":"Bird_Peacock","shortDescription":"Bird_Peacock"},{"id":1964411973001,"name":"Bird_Magpie","shortDescription":"Bird_Magpie"},{"id":1964411986001,"name":"Bird_Seagulls","shortDescription":"Bird_Seagulls"},{"id":1969766030001,"name":"Bird_Seagulls","shortDescription":"Bird_Seagulls"},{"id":1969773898001,"name":"Bird_Peacock","shortDescription":"Bird_Peacock"},{"id":1969773906001,"name":"Bird_Woodpecker","shortDescription":"Bird_Woodpecker"},{"id":1969773907001,"name":"Bird_Seagulls","shortDescription":"Bird_Seagulls"},{"id":1969773908001,"name":"Bird_CommonRedpoll","shortDescription":"Bird_CommonRedpoll"},{"id":1969844727001,"name":"Bird_Robin","shortDescription":"Bird_Robin"},{"id":1969867342001,"name":"Bird_Titmouse","shortDescription":"Bird_Titmouse"},{"id":1969867343001,"name":"Bird_Robin","shortDescription":"Bird_Robin"},{"id":1969867344001,"name":"Bird_Peacock","shortDescription":"Bird_Peacock"},{"id":1969867345001,"name":"Bird_Magpie","shortDescription":"Bird_Magpie"},{"id":1964411987001,"name":"Bird_Magpie","shortDescription":"Bird_Magpie"},{"id":2125415150001,"name":"Wildlife_Orangutan","shortDescription":"Wildlife_Orangutan"},{"id":2125439465001,"name":"Wildlife_Zebra","shortDescription":"Wildlife_Zebra"},{"id":2125415151001,"name":"Wildlife_Elephant","shortDescription":"Wildlife_Elephant"},{"id":2125415152001,"name":"Wildlife_Deer","shortDescription":"Wildlife_Deer"},{"id":2125410817001,"name":"Wildlife_Tiger","shortDescription":"Wildlife_Tiger"},{"id":2125415153001,"name":"Wildlife_TamarinMonkey","shortDescription":"Wildlife_TamarinMonkey"},{"id":1969766032001,"name":"Water-Droplet","shortDescription":"Water-Droplet"},{"id":2127122678001,"name":"Kellys Test","shortDescription":"just a test"}],"page_number":0,"page_size":100,"total_count":95}